﻿FullName,phone,city,house_type,bhk_type,furnishing_type
anusha pariti,8.11E+09,Bangalore,Apartment,3 BHK,unfurnished
Garima yadav,8.11E+10,Bangalore,Apartment,2 BHK,fully-furnished
Kamal gera,8.11E+09,Bangalore,Apartment,3 BHK,semifurnished
Tushar kapoor,8.93E+09,Pune,Apartment,2 BHK,fully-furnished
Deepa sudhakar,7.90E+09,Pune,Apartment,1 BHK,unfurnished
Manisha Yadav,9.87E+09,Delhi,Apartment,3 BHK,fully-furnished
Shivani godha,9.88E+09,Delhi,Independent,1 BHK,unfurnished
Rajan pandey,8.99E+09,delhi,Apartment,3 BHK,fully-furnished
Roosena manuel,9.88E+09,Delhi,Independent,3 BHK,fully-furnished
Prabhjot gill,9.80E+09,Delhi,Independent,2 BHK,fully-furnished
Ankita sharma,9.99E+09,Delhi,Independent,3 BHK,fully-furnished
