﻿profile_id,FullName,phone,rent,Customer_Segment
1,anushapariti,8.11E+09,7500,Grade B
2,AshishSingh,9.88E+09,11000,Grade A
3,Bhaskarmaheshwari,9.80E+09,12000,Grade A
4,Garimayadav,8.11E+10,8000,Grade B
5,Tanvimann,9.18E+09,9000,Grade B
6,Harishsahai,9.88E+09,10200,Grade A
7,Kamalgera,8.11E+09,6500,Grade C
8,Tusharkapoor,8.93E+09,7200,Grade C
9,Shivshankardas,9.80E+09,7500,Grade B
10,Aditijain,9.87E+09,7500,Grade B
11,Deepasudhakar,7.90E+09,8000,Grade B
12,Umangparejiya,7.90E+09,11000,Grade A
13,Mitaligupta,8.80E+09,12000,Grade A
14,ManishaYadav,9.87E+09,13500,Grade A
15,Shivanigodha,9.88E+09,6500,Grade C
16,Rajanpandey,8.99E+09,6500,Grade C
17,Roosenamanuel,9.88E+09,10500,Grade A
18,Prabhjotgill,9.80E+09,8000,Grade B
19,Ankitasharma,9.99E+09,7500,Grade B
20,KaranSingh,8.98E+09,9500,Grade B
