﻿profile_id,rent,Move_In_Date,house_type,beds_vacant,description,city
4,8000,00:00.0,Apartment,2,"Sterling BrookSide, Opp. Kundalahalli Colony, ITPL Main Rd",bangalore
2,11000,00:00.0,Apartment,1,"No.44,Ground floor,20th cross,Sector 2 HSR Layout,Bangalore.",bangalore
5,9000,00:00.0,Apartment,4,"No.44,First floor,20th cross,Sector 2 HSR Layout.",bangalore
1,7500,00:00.0,Independent,2,"#11,Annaiya Reddy Rd, Narayana Reddy Layout,Phase 2, Electronic City",bangalore
7,6500,00:00.0,Apartment,1,"# 595/1, 1st Floor,1st A main, Domlur Layout",bangalore
6,10200,00:00.0,Apartment,1,"Flat No-202, Apoorva Apartment No-296 Vyalikaval House Building Cooperative Society Ltd Nagavara",Delhi
10,7500,00:00.0,Independent,1,"302,#473 VAK Residency, B-Block, AECS Layout Kundalahalli,",Delhi
13,12000,00:00.0,Independent,1,"2nd House, No-80/289, Sri Hari Darshan Nilaya, Ground Floor, Bellandur",Delhi
15,6500,00:00.0,Independent,2,"B105, 1st floor, B block, Barvika Residency",Delhi
12,11000,00:00.0,Independent,1,"#301, Windsor Plaza,ITPL",Pune
16,6500,00:00.0,Independent,1,"Flat No-211 Sri Krishna sai enclave, Hoodi village, beside Vivekananda Ashram, Mahadevapura post",Pune
14,13500,00:00.0,Independent,1,"D1-1201, Uniworld Garden 2",Pune
11,8000,00:00.0,Independent,1,"49, House 1 lathangi 2nd main vinayaka housing layout, RMV 2nd stage bhoopasandra",Pune
19,7500,00:00.0,Independent,2,"Majeera Diamond Towers,malad-west",Pune
